"lat_grid","lon_grid","year","month","NumNLOG","NumOBS","NLOG_stand","chlamean","chlasd","sstmean","sstsd","slamean","slasd","FSLEmean","FSLEsd","SSCImean","SSCIsd","MNmean","MNsd","Zone","Season"
-10,40,2016,6,2,9,0.222222222222222,0.132504832099787,0.00592082709673378,26.9185,0.0475083952480781,0.09165625,0.00643654928254781,-0.0844790310170005,0.0790174065063538,0.232542738504688,0.0421583249404482,0.354056180729876,NA,"Above_10S","JJAS"
-10,42,2016,5,5,18,0.277777777777778,0.100870205170294,0.010027131270474,28.3735,0.288665017041366,0.070478125,0.0295252029481083,-0.0615903119016319,0.0487984421875343,0.0868180518819909,0.0423620179373473,0.262602278590536,NA,"Above_10S","AM"
-10,42,2016,6,2,16,0.125,0.134033811796043,0.00514558747798049,26.72575,0.178671730560789,0.09866875,0.00553823291398293,-0.0698173142125706,0.0687143827848076,0.250954497065879,0.105206432430114,0.321908302562898,NA,"Above_10S","JJAS"
-10,44,2016,5,5,15,0.333333333333333,0.124497275718669,0.00771375025934425,27.57284375,0.300830818812865,0.1066046875,0.0273490688137669,-0.0671189623010255,0.0672003624888923,0.0964297068333843,0.0961210335703439,0.249766856819178,NA,"Above_10S","AM"
-10,44,2016,6,1,10,0.1,0.145235404427189,0.0111372405253097,26.160109375,0.216898053529763,0.07324375,0.0133625854712399,-0.061934480716909,0.0505308857231169,0.268145342591005,0.143940343451346,0.281796779784512,NA,"Above_10S","JJAS"
-10,52,2016,3,5,10,0.5,0.0670508588324689,0.00581205146606604,30.20525,0.0955173050057188,0.15770625,0.0214674347318969,-0.0438465398761774,0.0209729710616069,0.090759509598733,0.0477683781159919,0.194923781477729,NA,"Above_10S","DJFM"
-10,54,2015,3,2,28,0.0714285714285714,0.0883988145182634,0.00532793427688649,29.248,0.0828634370898842,0.112584375,0.00659581923260533,-0.0487818388475045,0.028664972427302,0.0801350878878175,0.0365127792609381,0.42057456480219,NA,"Above_10S","DJFM"
-10,54,2019,3,5,16,0.3125,0.0941339052547442,0.00668264815702042,29.66659375,0.147088864053576,0.2048828125,0.0232267193884885,-0.0519625725223653,0.0324535432166329,0.0998033093063747,0.0746726363361631,0.459929622160638,NA,"Above_10S","DJFM"
-10,56,2014,8,2,6,0.333333333333333,0.158407243835326,0.0131530453129158,26.13475,0.13686733235753,0.105315625,0.0194457341692453,-0.0481678046153197,0.0341622043548738,0.168495174739555,0.0738961164569227,0.381812831388593,NA,"Above_10S","JJAS"
-10,56,2015,3,3,25,0.12,0.0827486697946572,0.00538812655271236,29.3665,0.0942797256395387,0.1351109375,0.0124770661639475,-0.0520821529592478,0.0326840249979155,0.097514146531881,0.0235184623438375,0.454994938768593,NA,"Above_10S","DJFM"
-10,56,2016,2,1,11,0.0909090909090909,0.0886936698904416,0.00676354722074821,28.981140625,0.066667587419237,0.1401390625,0.0228765188909384,-0.0441409608258256,0.0222558637489916,0.10164057333692,0.0263608676156987,0.389036442292319,NA,"Above_10S","DJFM"
-10,60,2016,3,1,15,0.0666666666666667,0.102701612586518,0.0446758418714312,30.10196875,0.0965879759761774,0.143740625,0.0110499546612587,-0.0531053514954304,0.0317335146749055,0.0621562228839017,0.0285864473482479,0.301492920871841,NA,"Above_10S","DJFM"
-10,60,2018,3,1,6,0.166666666666667,0.118704862035682,0.0469585448955475,29.431921875,0.112067058253686,0.1479640625,0.011497858560971,-0.0456882214069366,0.0220308780557784,0.163839540579846,0.0435103921769045,0.401848276078995,NA,"Above_10S","DJFM"
-10,62,2016,3,2,17,0.117647058823529,0.068810892815236,0.00707349580868843,30.0359375,0.0920605175354173,0.12761875,0.00866635301630245,-0.0559355385830325,0.0322859315939535,0.101033349662166,0.0335563455042225,0.323044063709927,NA,"Above_10S","DJFM"
-10,64,2015,12,2,7,0.285714285714286,0.0592834076879727,0.0046862622886172,29.235375,0.0992996906915052,0.1099359375,0.0265943983073384,-0.042212900535546,0.0296850227544647,0.0835004142878819,0.0226766686896305,0.266293688043017,NA,"Above_10S","DJFM"
-12,42,2016,5,10,21,0.476190476190476,0.123836641051966,0.0095871591843616,28.078984375,0.1921324354914,0.036125,0.028632155305885,-0.0976385293436627,0.109259613970982,0.420046121117951,0.186714636025404,0.314357268055218,NA,"Moz","AM"
-12,44,2015,3,5,6,0.833333333333333,0.0888432127313637,0.0123885315357794,28.700578125,0.143408928535604,0.1327796875,0.0295324528498627,-0.0588117096876906,0.0509964025077206,0.269009318006155,0.111076998143644,0.375844594348209,NA,"Moz","DJFM"
-12,44,2016,3,4,7,0.571428571428571,0.0920447682114577,0.0119712926501061,30.031359375,0.198302267850178,0.1122703125,0.0135498102802568,-0.0861086303178101,0.0764633116369135,0.393127182476588,0.129882587118893,0.315005694562736,NA,"Moz","DJFM"
-12,44,2016,5,1,9,0.111111111111111,0.125759569355675,0.00336782230471145,27.74,0.331673247123043,0.0936484375,0.028445291362446,-0.0832230073097492,0.0927087590229845,0.453920414766784,0.198335907419178,0.324125141436968,NA,"Moz","AM"
-12,46,2015,4,7,8,0.875,0.0976098334116007,0.0329957925918119,29.022921875,0.377519191341777,0.097884375,0.0159624879585044,-0.0660976043734203,0.0685080188547447,0.342502639161378,0.161705557360471,0.370991000857342,NA,"Moz","AM"
-12,48,2016,3,4,6,0.666666666666667,0.0848235358345726,0.0632206440986195,29.82909375,0.142192996361585,0.0823203125,0.00897329688819281,-0.0669320211101684,0.0650432693716962,0.357093628305595,0.19733269396929,0.236472958029884,NA,"Moz","DJFM"
-12,52,2014,4,3,7,0.428571428571429,0.0882194910987487,0.00588345872871423,28.689171875,0.272003708815022,-0.019709375,0.0248952836659783,-0.0539342841335386,0.0296994262040306,0.0729953941656048,0.021705107130311,0.233488367419448,NA,"Moz","AM"
-12,52,2019,3,6,12,0.5,0.11018906588692,0.00724513764705903,29.62753125,0.227686220226329,0.0470265625,0.0421252450124757,-0.0791572069355797,0.0549311132055041,0.142230228618314,0.0618277140688426,0.365662693656901,NA,"Moz","DJFM"
-14,42,2015,4,21,19,1.10526315789474,0.157136709745722,0.0139255019231122,29.120546875,0.148831632762374,0.02301875,0.0288792993088722,-0.0951804369052003,0.0724801248054825,0.218886194972171,0.0593054585949986,0.356114584076424,NA,"Moz","AM"
-14,44,2015,3,4,7,0.571428571428571,0.107622269988587,0.028501690652184,28.894296875,0.107992604051212,0.09531875,0.0184293922851515,-0.0989311034786605,0.0763270664475163,0.149846131057249,0.116514464386006,0.401450953293977,NA,"Moz","DJFM"
-14,44,2015,4,25,29,0.862068965517241,0.160249177501422,0.0409113663273242,29.53390625,0.159742721596868,0.063609375,0.0465214567964108,-0.105480816845049,0.0798854575901024,0.179423598753488,0.123803203570799,0.447199319554924,NA,"Moz","AM"
-14,44,2017,3,1,9,0.111111111111111,0.107242937331407,0.0280216539771184,29.722078125,0.171336881998408,-0.0266484375,0.0232117785657736,-0.105361147995221,0.0774205695159557,0.194584985403122,0.0756838341582357,0.439697346098712,NA,"Moz","DJFM"
-14,44,2017,6,3,10,0.3,0.155400156764175,0.0475363789183243,27.550671875,0.0674174520967844,0.122434375,0.0403021690650665,-0.0908799244395892,0.088060306321545,0.269235135826792,0.11888742305267,0.453794463074292,NA,"Moz","JJAS"
-14,46,2015,3,30,13,2.30769230769231,0.119893235208801,0.171659867152122,29.102,0.22367798566207,0.11089375,0.0250123072880735,-0.0768936310927863,0.0463584082045829,0.122787820383104,0.0507999658512687,0.836805880536993,NA,"Moz","DJFM"
-14,46,2015,4,5,19,0.263157894736842,0.177057074743334,0.190895975606936,29.899125,0.205004723135679,0.09153125,0.0395539530061497,-0.0757241788232683,0.0521018918070319,0.138567608585488,0.065649678046724,0.949526171277886,NA,"Moz","AM"
-14,46,2016,3,25,22,1.13636363636364,0.135061952616887,0.167147825838501,30.196859375,0.156950590464713,0.0545125,0.0234305627299318,-0.0783445372443987,0.0843308283798506,0.224443058140669,0.0951750207644137,0.574568380256135,NA,"Moz","DJFM"
-14,46,2016,4,14,7,2,0.170607194889659,0.220369390010133,29.8299375,0.274135343412586,0.040940625,0.0358591323240224,-0.101757667984358,0.0894914499243368,0.314740290011296,0.109437625186342,0.398041089108824,NA,"Moz","AM"
-14,46,2017,3,1,8,0.125,0.122305378723218,0.147758462759175,29.7644375,0.192195079054325,0.00934375,0.0263284918695884,-0.103057248344355,0.0656969210691031,0.224789716862736,0.0994114931582694,0.520519998146662,NA,"Moz","DJFM"
-14,46,2018,3,2,12,0.166666666666667,0.14898757036316,0.207422370663336,29.5048125,0.153477869248978,0.0104171875,0.0265426913067525,-0.0838021494151514,0.0561044476282087,0.148995233087473,0.0769459965702963,0.692720711532392,NA,"Moz","DJFM"
-16,42,2015,4,21,29,0.724137931034483,0.168491646886751,0.0338636873335747,29.115171875,0.0961043669931743,0.048709375,0.020131825225368,-0.0883975841394067,0.0753885098826011,0.200074358381146,0.0761903497176176,0.384864844130007,NA,"Moz","AM"
-16,42,2018,3,4,8,0.5,0.0934977678504462,0.0135757080137261,29.6003125,0.145468141387488,0.02926875,0.0743255897632221,-0.113817356150213,0.125895721568328,0.372353435207475,0.145944533631642,0.497592586571664,NA,"Moz","DJFM"
-16,44,2015,4,53,36,1.47222222222222,0.262913908966365,0.427253531007266,29.4489032258065,0.14379376279565,0.0903296875,0.0485753405323864,-0.0879268358248006,0.0749898027195835,0.194687250557204,0.0923020703349686,0.487443390805031,NA,"Moz","AM"
-16,44,2016,3,2,6,0.333333333333333,0.204980532408686,0.443117810346843,30.2095322580645,0.103071949681817,0.026328125,0.0527120282913426,-0.0897196787447038,0.109981790120687,0.299597447217782,0.124708365160332,0.592461047131936,NA,"Moz","DJFM"
-16,44,2017,6,8,13,0.615384615384615,0.298217942702797,0.607871046865754,27.5133709677419,0.104054247181099,0.05261875,0.0313052704878501,-0.0975019454440322,0.0825654523090922,0.201649757516477,0.100687998421639,0.549238120790125,NA,"Moz","JJAS"
-16,44,2018,3,7,16,0.4375,0.208516732823029,0.430267669831972,29.6756290322581,0.184777778263599,-0.0263203125,0.0207756892398991,-0.0972624003547016,0.0788591981850856,0.117124789559673,0.0509958796114003,0.593583945642108,NA,"Moz","DJFM"
-16,46,2015,4,7,8,0.875,0.791242409975101,1.60279220795939,29.5294444444444,0.255526511305183,0.106125,0.0418489594491517,-0.060560109745783,0.0730189182534485,0.198886405595017,0.0713576501789162,1.16295282720505,NA,"Moz","AM"
-16,46,2016,3,9,10,0.9,0.693811544455447,1.4209547248433,30.2741555555556,0.249295093081159,0.100431818181818,0.0204163041632687,-0.0703592685581112,0.0799570569410441,0.149074941056126,0.0433390454862448,1.00462053144704,NA,"Moz","DJFM"
-16,46,2017,3,1,8,0.125,0.707383458436118,1.33745047757924,29.8947333333333,0.181342017394556,0.0303886363636364,0.00963035935742097,-0.0899203245313084,0.0740058900522622,0.140654242317923,0.080746414509995,1.25500843016651,NA,"Moz","DJFM"
-16,46,2018,3,2,8,0.25,0.932120185532935,1.63773255082044,29.3560444444444,0.248594682488616,0.0158568181818182,0.00995100550551674,-0.0813231469749063,0.06463125619933,0.0950571087022332,0.060404419033053,1.02088560458303,NA,"Moz","DJFM"
-18,40,2017,3,2,7,0.285714285714286,0.115933338602038,0.0613157409299019,29.400890625,0.0869749311058824,0.1099765625,0.163485946915292,-0.117330486663431,0.129765036927416,0.451232713388545,0.154894431464253,0.381157751199574,NA,"Moz","DJFM"
-2,46,2015,7,1,16,0.0625,0.299348134146486,0.0265083539539628,26.29865625,0.0556734295150588,0.0824453125,0.0044136487330653,-0.0594956605643034,0.0425662571195528,0.222479225445125,0.110866402635598,0.295966666961242,NA,"Above_10S","JJAS"
-2,48,2014,6,1,10,0.1,0.221991876217847,0.0268508242127097,27.02325,0.292188404102667,-0.0231765625,0.0100185501309416,-0.0333213523385674,0.0392863806951039,0.288416792716642,0.154227117386803,0.211315534325937,NA,"Above_10S","JJAS"
-2,48,2015,10,2,6,0.333333333333333,0.146960448189121,0.00481817981292165,28.3363125,0.065362936684818,0.10556875,0.00264075957086424,-0.0734159243428419,0.0471257835959377,0.070026305410816,0.0614870304084995,0.399127334863695,NA,"Above_10S","ON"
-2,48,2015,5,2,21,0.0952380952380952,0.119423802764181,0.0168914600332621,29.473734375,0.36560509713839,0.1306796875,0.00624004425318812,-0.0467038379937651,0.0422934440221648,0.143114270817289,0.0780353553632244,0.331887526329153,NA,"Above_10S","AM"
-2,48,2015,6,1,31,0.032258064516129,0.169640864012763,0.0105223335039487,27.811296875,0.21607183400526,0.086096875,0.00543466150141116,-0.021990353816996,0.0414920120423577,0.169554940511277,0.119625461634239,0.227768181520514,NA,"Above_10S","JJAS"
-2,48,2015,7,1,17,0.0588235294117647,0.264798776867489,0.0198411645660683,26.47075,0.100507916453587,0.089853125,0.0036692185384002,-0.0607235551760802,0.0414145989039408,0.287405806152636,0.190148804125153,0.29724703739918,NA,"Above_10S","JJAS"
-2,50,2014,6,1,8,0.125,0.242616293473273,0.0139312464613248,27.26915625,0.212149260031107,0.0183046875,0.0129730297728825,-0.0362456562003245,0.0211646743084028,0.15722117420143,0.0883264285256691,0.172460995012187,NA,"Above_10S","JJAS"
-2,50,2015,5,1,21,0.0476190476190476,0.0919346360929517,0.00859219647788699,30.035046875,0.242856704087489,0.1253546875,0.00959075165777485,-0.0523594893498046,0.0341708671132622,0.280151009914205,0.09637652230237,0.440128862938767,NA,"Above_10S","AM"
-2,50,2016,9,2,12,0.166666666666667,0.22273072992943,0.0145699155509654,26.5686875,0.168815375343542,0.0959734375,0.0061956523975246,-0.0513517625337591,0.0414240893402404,0.174716202029324,0.120156308245228,0.386704578014798,NA,"Above_10S","JJAS"
-2,50,2017,6,1,12,0.0833333333333333,0.1750192599785,0.0157342755630667,27.960796875,0.178218269927949,0.0627390625,0.00856731732173321,-0.0301134397138407,0.0363128088835889,0.0522841471969512,0.0380426971739216,0.341237961697496,NA,"Above_10S","JJAS"
-2,50,2019,8,1,25,0.04,0.225598203464566,0.0297415766534256,26.089453125,0.299294086391311,0.061346875,0.0185470997925359,-0.0138073936058869,0.0168048968225729,0.382076236761462,0.177152385095689,0.279276057244546,NA,"Above_10S","JJAS"
-2,52,2014,7,3,29,0.103448275862069,0.22630765034248,0.0129160848570689,26.138125,0.152921444715803,0.024953125,0.0110127050545744,-0.0255864125848297,0.015502429967705,0.316410749743248,0.195204337245375,0.279778984338162,NA,"Above_10S","JJAS"
-2,52,2018,8,1,7,0.142857142857143,0.286487630691328,0.0231804261492141,26.438578125,0.39953881368507,0.078625,0.0051093751365225,-0.0210467492251387,0.0212373670624228,0.222397216417452,0.153631934940025,0.191442566143105,NA,"Above_10S","JJAS"
-2,52,2019,6,3,11,0.272727272727273,0.188957454572018,0.0196213732882923,27.706921875,0.19709729324867,0.084846875,0.0106127950442282,-0.0378370926169306,0.0252827868362368,0.36153420035029,0.0818171021176772,0.311497345255878,NA,"Above_10S","JJAS"
-2,54,2017,8,1,13,0.0769230769230769,0.167603225809418,0.01237483624846,28.404421875,0.253870095808141,0.1084703125,0.00120813114071884,-0.0413749050744839,0.0295980015127602,0.492770342158718,0.104448358386114,0.338579977183239,NA,"Above_10S","JJAS"
-2,54,2018,10,1,6,0.166666666666667,0.1560993031922,0.00737933223038482,28.393984375,0.296488576411403,0.057078125,0.014246809375469,-0.0462573472646456,0.0290423086283769,0.133109204725363,0.0996373691222009,0.395079432626999,NA,"Above_10S","ON"
-2,56,2015,5,1,7,0.142857142857143,0.0778186495008413,0.00293085408940418,30.8,0.136699183123626,0.12438125,0.00848103158969455,-0.0422253417304687,0.0272374861182511,0.303418697731169,0.126408258187622,0.342101882926212,NA,"Above_10S","AM"
-2,56,2018,3,4,8,0.5,0.206242829832869,0.06090441461458,28.848859375,0.352694384867499,0.05119375,0.0152477620007576,-0.0360300685421834,0.0226635105684521,0.25387754233872,0.133271794354964,0.313602972668879,NA,"Above_10S","DJFM"
-2,58,2014,10,1,6,0.166666666666667,0.0864520873130661,0.0040297662825131,29.512109375,0.104715808480071,0.0873078125,0.00225862050098292,-0.036954566439842,0.031117140998934,0.064817895256332,0.0380826146833324,0.274025160023996,NA,"Above_10S","ON"
-2,58,2015,5,2,6,0.333333333333333,0.071210586051974,0.00274340846707743,30.809265625,0.184045391415245,0.1290421875,0.00461470405893892,-0.0333683718477766,0.0235273356878268,0.354328653794344,0.044234247742086,0.308220365521995,NA,"Above_10S","AM"
-2,60,2017,4,1,11,0.0909090909090909,0.0866202154138591,0.00639206530782401,30.383703125,0.103062730117563,0.0736484375,0.00900075820770073,-0.0388794416064521,0.0340737344462583,0.556320220861425,0.21033982176561,0.279597066047481,NA,"Above_10S","AM"
-2,62,2019,1,1,8,0.125,0.130723082175892,0.00745274370893924,28.8974375,0.148826080983651,0.009090625,0.00710715532024113,-0.0339641440364622,0.0204620698420523,0.169812798813733,0.09594420129206,0.337969947411048,NA,"Above_10S","DJFM"
-2,64,2017,5,1,9,0.111111111111111,0.0724593550516551,0.00243735121986397,30.16215625,0.149303698032004,0.0698296875,0.00518908132333255,-0.0319713098183995,0.0251386090448819,0.438395609726241,0.0662410844383078,0.232659086537477,NA,"Above_10S","AM"
-2,66,2018,5,2,7,0.285714285714286,0.088312319033624,0.0035187738243896,29.783390625,0.207037272711139,0.061103125,0.0109531030429665,-0.0248439673286292,0.0217815402605558,0.0624393610738085,0.058456859154131,0.316680226654422,NA,"Above_10S","AM"
-20,40,2017,3,7,9,0.777777777777778,0.123801448211048,0.0264542336065464,29.240921875,0.277366373071276,0.0952046875,0.0925144835159244,-0.130846309204183,0.169570978634077,0.417982186368294,0.17346080844771,0.559290914624382,NA,"Moz","DJFM"
-4,44,2014,10,1,10,0.1,0.173156398943522,0.00834776176134042,27.079390625,0.125475428213326,0.1189625,0.00676380422684214,-0.0749989142763278,0.0605629469157489,0.393643291513634,0.0990915384855254,0.467855961457576,NA,"Above_10S","ON"
-4,44,2014,7,6,14,0.428571428571429,0.46151975226692,0.045988028686031,25.4066875,0.144086820718489,-0.0432,0.0138059798408182,-0.0592937665315405,0.0405162997427092,0.0675325646607821,0.0406626800273826,0.20057987199477,NA,"Above_10S","JJAS"
-4,46,2014,10,1,13,0.0769230769230769,0.153659260877046,0.00739327115105628,27.31884375,0.198829129700505,0.1247734375,0.0080581269671217,-0.0589151720267871,0.0483880797846674,0.450345767536482,0.0987329361078889,0.4995281847309,NA,"Above_10S","ON"
-4,46,2014,7,6,16,0.375,0.394327094416238,0.0741496096113484,25.219875,0.082797611345041,-0.013278125,0.0273045462157425,-0.0494463503046863,0.0404973245858834,0.121369269570266,0.0553886736824165,0.159236092154624,NA,"Above_10S","JJAS"
-4,46,2018,11,1,8,0.125,0.121032859900475,0.00330898445347893,28.99046875,0.087350410680384,0.0384375,0.0181612311658741,-0.0615973430460691,0.0440349647350268,0.0804188626003783,0.0389241465098821,0.505142729819097,NA,"Above_10S","ON"
-4,48,2014,6,2,26,0.0769230769230769,0.302964144625649,0.0288146362371302,26.667515625,0.177344610470957,-0.0008765625,0.0133744929254123,-0.0172935568334907,0.0302139916061892,0.168319593807337,0.0396856532779439,0.255809562159185,NA,"Above_10S","JJAS"
-4,48,2015,6,3,38,0.0789473684210526,0.175942237055602,0.0119353529193968,27.336625,0.0708527424388858,0.0595890625,0.0208846424716976,-0.0483517093052467,0.0409315507780888,0.196289153074073,0.0585208383276067,0.243659288587514,NA,"Above_10S","JJAS"
-4,48,2015,7,1,9,0.111111111111111,0.250142733023192,0.0297412509974726,26.466609375,0.0974279737521232,0.062628125,0.0207562686553259,-0.0446219293489331,0.0297686031416202,0.392656475186501,0.164812068040532,0.138776518916669,NA,"Above_10S","JJAS"
-4,48,2017,3,1,13,0.0769230769230769,0.120348392099711,0.0117649475871545,28.794828125,0.197918818910604,0.090828125,0.0101411540739889,-0.0663037982697208,0.0473289753133888,0.141839279402959,0.0407379555441464,0.579942973616022,NA,"Above_10S","DJFM"
-4,48,2017,6,2,9,0.222222222222222,0.183700830727402,0.012622914410963,27.4795,0.199124512374975,0.0409796875,0.00696825408407004,-0.0223385574014733,0.0330623750166616,0.328368875234859,0.0864747356193571,0.393015299003606,NA,"Above_10S","JJAS"
-4,50,2014,11,1,9,0.111111111111111,0.091724025735554,0.010040560064381,29.1543125,0.0970517575873494,0.026034375,0.00954325522230728,-0.0608506543404112,0.0251723951292401,0.0654522473019077,0.0460407363931557,0.463593458749906,NA,"Above_10S","ON"
-4,50,2014,6,1,19,0.0526315789473684,0.273058162290706,0.0480872047464201,27.1856875,0.211375455844176,0.020965625,0.00746531064961386,-0.0277141815131903,0.0338735761818675,0.2171006465129,0.0181084888256577,0.28042497719181,NA,"Above_10S","JJAS"
-4,50,2014,8,1,10,0.1,0.29229301079047,0.0465177643049779,25.50953125,0.163381913936602,0.078265625,0.00406542599146307,-0.0397042812143122,0.0326898832918595,0.590972953838254,0.161528116439356,0.350996340019962,NA,"Above_10S","JJAS"
-4,50,2015,2,1,13,0.0769230769230769,0.123319280450232,0.0226672001260086,27.795203125,0.276796938904506,0.0672796875,0.0112966096850774,-0.0432174640343391,0.0199685681990395,0.0921347122515839,0.0421383712879257,0.463172995086227,NA,"Above_10S","DJFM"
-4,50,2015,5,1,8,0.125,0.107857922240833,0.00558409631196266,29.387703125,0.13186148091391,0.081515625,0.0180091618548528,-0.0635971712857725,0.0455195120802325,0.0652698917015767,0.0357235503632318,0.401951617166553,NA,"Above_10S","AM"
-4,50,2015,6,2,17,0.117647058823529,0.165920348986725,0.0102784920634601,27.48403125,0.105454115313287,0.045396875,0.0244315822717561,-0.0518187445431203,0.0351779275290966,0.128879704588039,0.101971781943269,0.27656664395084,NA,"Above_10S","JJAS"
-4,50,2015,8,1,8,0.125,0.235150799801987,0.0179142072184099,26.949390625,0.138046761940086,0.147628125,0.00449661137845922,-0.0494191532037431,0.025692315885977,0.66652562481906,0.156691125416587,0.286384499705677,NA,"Above_10S","JJAS"
-4,50,2017,4,3,12,0.25,0.0933876889272748,0.00194091283486908,30.0153125,0.0732640094409604,0.102875,0.0121124231122758,-0.0669109682831913,0.036459495211827,0.108689095906854,0.0819805965797335,0.522587551574947,NA,"Above_10S","AM"
-4,50,2018,6,1,6,0.166666666666667,0.258855489606503,0.0800748443135609,27.523171875,0.137437264728716,0.01844375,0.00660660744291364,-0.0505953644421697,0.0423919191955853,0.160455299366609,0.0312349524230941,0.367650678915541,NA,"Above_10S","JJAS"
-4,50,2018,8,1,10,0.1,0.253790300345928,0.0246510125713735,25.883078125,0.145660107151808,0.1022203125,0.0111849839770766,-0.037649934491395,0.0310104615155009,0.609931660996021,0.226728094286254,0.277681769695931,NA,"Above_10S","JJAS"
-4,52,2014,5,2,22,0.0909090909090909,0.0767690983484499,0.00582226226017457,29.63175,0.159459901910983,0.020534375,0.0117797003054286,-0.0449424426753915,0.0346901679223998,0.0756868953439889,0.0466344459998708,0.315842627724599,NA,"Above_10S","AM"
-4,52,2014,6,1,7,0.142857142857143,0.214429104720087,0.0498076356326367,27.70278125,0.241595849640452,0.0225859375,0.0172987004483684,-0.0347638282514612,0.0340532487043033,0.17941798794119,0.0358780736420478,0.292064227156031,NA,"Above_10S","JJAS"
-4,52,2014,7,1,21,0.0476190476190476,0.285325392220531,0.047714493524115,25.97028125,0.11926101409986,0.0350703125,0.0118333223298071,-0.0374499212572171,0.037828622511537,0.435719610410156,0.18243002357753,0.229505178279921,NA,"Above_10S","JJAS"
-4,52,2014,8,1,13,0.0769230769230769,0.288293669246034,0.0483555042303602,25.806828125,0.225230996392839,0.077509375,0.00218528402498194,-0.0404980360464704,0.0263276589854876,0.409545079265952,0.138047495572903,0.348561190023658,NA,"Above_10S","JJAS"
-4,52,2015,7,1,9,0.111111111111111,0.206605653886476,0.0203769260372901,26.563875,0.231145834540441,0.0680328125,0.0134980075506462,-0.0425440296900609,0.0313273580273739,0.230983986045668,0.110639589644269,0.221974014914611,NA,"Above_10S","JJAS"
-4,52,2015,8,1,17,0.0588235294117647,0.213759992329869,0.0168668033386109,27.222953125,0.275581545543325,0.1603421875,0.00285644938260716,-0.0510338829972331,0.0263192333220833,0.456105390207949,0.127877910119924,0.280590363293319,NA,"Above_10S","JJAS"
-4,52,2015,9,2,7,0.285714285714286,0.105754284314268,0.0131403501454736,28.269921875,0.0826496343220669,0.15349375,0.0150967869492312,-0.0434286901615808,0.0188432605095527,0.134930154646104,0.0531606752109094,0.239835132298888,NA,"Above_10S","JJAS"
-4,52,2016,11,2,8,0.25,0.0967177229888168,0.01041868426638,28.6363125,0.323497301330713,-0.013334375,0.0127853986504447,-0.0394228266770144,0.0248684597693082,0.0710575880720921,0.0214843713414755,0.500519246175126,NA,"Above_10S","ON"
-4,52,2016,4,1,8,0.125,0.0676528060996336,0.00224253114214153,30.854515625,0.118013449890929,0.179946875,0.0054037308907534,-0.0582121762002508,0.0312682478045135,0.0890660308656129,0.0560009208164267,0.312642084288894,NA,"Above_10S","AM"
-4,52,2016,5,1,6,0.166666666666667,0.11267663677831,0.00986271588612468,29.8491875,0.159310306664458,0.10235,0.0130275654025401,-0.0573775833328405,0.030714237934818,0.171688970595408,0.0858616857525432,0.33439722435639,NA,"Above_10S","AM"
-4,52,2016,9,4,25,0.16,0.216839008337249,0.0112148870314585,27.0346875,0.198617433576801,0.0985109375,0.00370688408010465,-0.0486308486381918,0.0196096240880297,0.105251905955564,0.0647282871278879,0.46311942422935,NA,"Above_10S","JJAS"
-4,52,2017,4,2,25,0.08,0.0822383416816592,0.00632586332686053,30.211140625,0.104845747192555,0.0790734375,0.0103630791861422,-0.0505627516538401,0.0285195575793549,0.0666560723511886,0.0424712700647733,0.449364495370537,NA,"Above_10S","AM"
-4,52,2017,8,1,8,0.125,0.216619876640228,0.0125681985614734,27.11225,0.433458882911174,0.08674375,0.0128909575173563,-0.0425089963364024,0.0268391513629375,0.283154302888141,0.0962954290546468,0.361061502345687,NA,"Above_10S","JJAS"
-4,52,2018,5,2,16,0.125,0.097426281954136,0.00763981790168566,29.29890625,0.142205386760873,0.0088734375,0.00804556946375033,-0.0466931461981468,0.0230012532037738,0.0736349489231522,0.0229959399499423,0.47679588783993,NA,"Above_10S","AM"
-4,52,2018,8,2,22,0.0909090909090909,0.223276549710944,0.0182397917776674,25.97475,0.105291733798761,0.0891984375,0.00809094128350803,-0.046349388984062,0.0232841231216696,0.396306410026606,0.150945048331572,0.370477106754741,NA,"Above_10S","JJAS"
-4,52,2018,9,3,14,0.214285714285714,0.179240430705249,0.0107446547717482,26.8414375,0.213839345942265,0.0897171875,0.00542491473673031,-0.0409559094984084,0.0225642714573451,0.198430259073425,0.0277333293782654,0.301304116006078,NA,"Above_10S","JJAS"
-4,52,2019,9,1,20,0.05,0.17199082951346,0.0119896964873696,26.932609375,0.249237861603621,0.136809375,0.00496472377306705,-0.033659487156719,0.0345814513819311,0.213367676353491,0.0739547287519478,0.312852376172992,NA,"Above_10S","JJAS"
-4,54,2015,3,1,7,0.142857142857143,0.0857065042946488,0.00773077561220759,29.220890625,0.111283581296928,0.17515,0.0182000610499587,-0.0494823561678731,0.0352491920808345,0.233438723609952,0.143435798836684,0.437799659268063,NA,"Above_10S","DJFM"
-4,54,2015,9,1,10,0.1,0.108840018717779,0.0138565540491122,28.53,0.135251323967349,0.153784375,0.0135866673530305,-0.0468308053575456,0.0245516250335675,0.125630717483563,0.0313953441023392,0.213198943478831,NA,"Above_10S","JJAS"
-4,54,2017,10,3,12,0.25,0.145736407605,0.0157235375236869,28.804140625,0.176432177462184,0.0098921875,0.00740945994834917,-0.0435695380416128,0.0301135630153423,0.084004967909852,0.0371444164561639,0.462408202930644,NA,"Above_10S","ON"
-4,54,2018,12,1,6,0.166666666666667,0.122038848646399,0.0223981136771471,28.7425625,0.222841097560358,0.0258390625,0.00616996352507806,-0.0468324348249262,0.0244213201184602,0.214855069161235,0.0468708377819627,0.368056459810525,NA,"Above_10S","DJFM"
-4,54,2018,2,2,6,0.333333333333333,0.122635519222563,0.0112874794174257,29.018546875,0.287490617082913,0.0432515625,0.00470949706435903,-0.0464857685513262,0.0240167191229216,0.146874917899095,0.0338119316539007,0.360082721795022,NA,"Above_10S","DJFM"
-4,54,2018,9,1,14,0.0714285714285714,0.225864118094453,0.0720377626671098,26.73321875,0.390737335910716,0.07735,0.00729609593364944,-0.0437250510879606,0.0247376340762237,0.185001560354445,0.0612343988100941,0.393300385840013,NA,"Above_10S","JJAS"
-4,54,2019,8,2,19,0.105263157894737,0.213582235136225,0.0261258070858089,26.858875,0.27006486581196,0.1430421875,0.00511936270486554,-0.0358374098576605,0.026937426960114,0.206706164867308,0.0456402304388764,0.353110631004453,NA,"Above_10S","JJAS"
-4,56,2014,12,4,6,0.666666666666667,0.108997918138306,0.0145306911297181,28.342859375,0.284237150436906,-0.02266875,0.0158983065385484,-0.04755237670113,0.025374204205726,0.162704745949215,0.0890878469005327,0.396881482595625,NA,"Above_10S","DJFM"
-4,56,2017,10,1,13,0.0769230769230769,0.132776468345481,0.00623578604316239,28.900703125,0.174416731366448,-0.01276875,0.0107211388135924,-0.0481200625944522,0.0316604816746656,0.0749816180190918,0.0326917895112696,0.511318212804822,NA,"Above_10S","ON"
-4,56,2017,7,2,9,0.222222222222222,0.166154112786494,0.0242435447309784,28.033078125,0.470663068402794,0.0554453125,0.0163292407864756,-0.0318233236009796,0.0237711533961068,0.264988990877757,0.1236992911446,0.262862433537534,NA,"Above_10S","JJAS"
-4,56,2018,10,1,14,0.0714285714285714,0.13575115094621,0.00620983614486943,28.542984375,0.226334104226719,0.0534234375,0.00733746079057153,-0.0442955438537944,0.0261252873244809,0.06762620382702,0.025176702376377,0.386625194972161,NA,"Above_10S","ON"
-4,56,2018,9,2,11,0.181818181818182,0.148055956375578,0.0186953933417064,27.98740625,0.425071449409596,0.0894109375,0.00629202360230036,-0.0406671547686309,0.0343662971861022,0.156025768400268,0.0517795102711215,0.236062344593962,NA,"Above_10S","JJAS"
-4,56,2019,9,1,7,0.142857142857143,0.1518650964394,0.016801406562602,27.990765625,0.383743000233456,0.1550890625,0.00430644099318425,-0.0312847504649311,0.0272203163492305,0.128930697912394,0.0304969446017551,0.266902791755705,NA,"Above_10S","JJAS"
-4,58,2014,12,4,8,0.5,0.108666460084755,0.00993940424366206,27.96234375,0.250625263725468,-0.0505546875,0.0245024840314266,-0.0465906295908315,0.0235652895461638,0.193134916206939,0.138050305132451,0.330643222624716,NA,"Above_10S","DJFM"
-4,58,2016,5,2,6,0.333333333333333,0.0812371603872937,0.00571668196437821,30.425640625,0.0859598221370042,0.1015171875,0.00430804174890605,-0.0434042145545444,0.0209883922990264,0.112195427344368,0.0201391623984258,0.303944150943937,NA,"Above_10S","AM"
-4,58,2017,10,1,8,0.125,0.125477874881148,0.00395681096618848,29.03753125,0.253867917710878,-0.0196765625,0.0150102477395405,-0.0470072599403079,0.0306449642466525,0.112437229756239,0.0543364941154149,0.492529934605977,NA,"Above_10S","ON"
-4,60,2014,12,3,13,0.230769230769231,0.104196192192224,0.00521640050933988,27.8634375,0.119586971074585,-0.083921875,0.0262245884180937,-0.0463291830469524,0.0262187172313897,0.182522142236449,0.125068217955319,0.338530660526807,NA,"Above_10S","DJFM"
-4,60,2017,1,1,9,0.111111111111111,0.10965459347224,0.00988238987323531,28.111046875,0.179588986625192,-0.0049484375,0.00572371818845003,-0.0388081557760075,0.0210511413852484,0.264150629896706,0.208297766960692,0.459840455596539,NA,"Above_10S","DJFM"
-4,60,2018,9,1,8,0.125,0.100661363782516,0.00750091435469198,28.880359375,0.217005842009541,0.0957921875,0.0036822312372963,-0.0406920254325867,0.039724150509829,0.281593091318558,0.0732467214701731,0.197135162744585,NA,"Above_10S","JJAS"
-4,62,2017,1,1,8,0.125,0.113365528319264,0.00496960755035811,27.8426875,0.153202933682384,-0.013690625,0.00808242692512589,-0.0363957779334918,0.0188822542415613,0.316548917690665,0.16325795604559,0.497029458619921,NA,"Above_10S","DJFM"
-4,62,2019,1,3,9,0.333333333333333,0.133144181069737,0.00610997927479466,29.07584375,0.0688841260194274,0.0361546875,0.0076068250408683,-0.0426261440162216,0.0255521891651531,0.131932655915663,0.0567797967918391,0.519762449873625,NA,"Above_10S","DJFM"
-4,64,2017,1,1,15,0.0666666666666667,0.115967235498829,0.00518236903689294,28.039625,0.238990967485557,-0.0330296875,0.00758020981590712,-0.034346323641678,0.0164332818855496,0.359836109223615,0.102398022668461,0.401879886076802,NA,"Above_10S","DJFM"
-4,64,2019,1,3,16,0.1875,0.110414925125143,0.0102154287984126,29.1355,0.0654590626948541,0.0374296875,0.00964514319242493,-0.044614781758021,0.0320965309001555,0.0959901149559629,0.0473933993742258,0.370466076635412,NA,"Above_10S","DJFM"
-4,66,2019,1,2,19,0.105263157894737,0.097668965699591,0.0103763872487902,29.0496875,0.0984655084240485,0.0432046875,0.0112939010045597,-0.0437714682421377,0.0341197761059502,0.0496664852588574,0.0240364721185372,0.265849128811984,NA,"Above_10S","DJFM"
-4,68,2015,1,1,17,0.0588235294117647,0.126065314207355,0.00507871470283618,28.395234375,0.125691199094296,0.000496875,0.0104241320867449,-0.0308761833585078,0.0130647452353786,0.162135847692504,0.0711764943759719,0.396978504379116,NA,"Above_10S","DJFM"
-4,68,2017,1,1,7,0.142857142857143,0.128894813442861,0.01582689377006,28.41946875,0.0912690021528023,-0.0224,0.00690247252686506,-0.0360290804172716,0.0180889073835528,0.319826611150717,0.0442593516600683,0.275843784874005,NA,"Above_10S","DJFM"
-4,68,2018,1,1,16,0.0625,0.165450436405889,0.026643011239036,28.369625,0.167998252069516,0.013196875,0.00958952750131166,-0.0374979743492699,0.0196383901909907,0.100240864388832,0.0317440715177734,0.429517953970393,NA,"Above_10S","DJFM"
-4,74,2017,12,1,8,0.125,0.126588983024703,0.00902136905283895,28.6548125,0.19915008896937,-0.0048859375,0.0102482962918195,-0.0243585351172955,0.0173749063702481,0.152853007489075,0.0531825724078711,0.376576395111165,NA,"Above_10S","DJFM"
-4,76,2017,12,2,11,0.181818181818182,0.104779033659725,0.00761089769494955,28.73446875,0.280649471747345,-0.0072296875,0.00543801083168796,-0.0279737967479133,0.0303145930440827,0.210331018204165,0.0448351863658036,0.363398780079064,NA,"Above_10S","DJFM"
-6,42,2014,7,1,8,0.125,0.303540827014432,0.0514550457710323,25.764734375,0.139370949830824,-0.0172125,0.012418349198883,-0.0568652493535511,0.0342024366545165,0.150208446644417,0.0571964095369644,0.422875928155924,NA,"Above_10S","JJAS"
-6,42,2014,8,3,6,0.5,0.318409603315457,0.0470624925707443,25.426578125,0.139564152022509,0.088015625,0.00869703869962973,-0.0643781949445605,0.0391357596646911,0.085283214573318,0.028331510297275,0.606572067329166,NA,"Above_10S","JJAS"
-6,42,2016,7,1,14,0.0714285714285714,0.278980922083267,0.0347855000504803,25.329609375,0.243564574872736,0.0411796875,0.0169046924986,-0.0610693092065953,0.0402885000057364,0.106410823106399,0.0411395515968946,0.396053928975767,NA,"Above_10S","JJAS"
-6,44,2014,2,3,10,0.3,0.137435625430145,0.0405496167556991,28.134140625,0.506720419053069,0.095671875,0.00886646023300686,-0.0638941078468891,0.0307473715476488,0.0351421424862112,0.0180813455456279,0.793115426252212,NA,"Above_10S","DJFM"
-6,44,2014,7,3,23,0.130434782608696,0.417609821707528,0.0420426582504856,25.54909375,0.144213655293165,0.0096265625,0.0264736301394036,-0.0604979751741934,0.0421955804857275,0.065360929202478,0.0313284524472194,0.398291869536309,NA,"Above_10S","JJAS"
-6,44,2014,8,4,20,0.2,0.275199208318049,0.0458882562313339,25.433984375,0.121700581338036,0.0716296875,0.0142105670461741,-0.0598935343074702,0.0359742889076923,0.140706317011273,0.0476681436001418,0.446841538100133,NA,"Above_10S","JJAS"
-6,44,2016,7,1,18,0.0555555555555556,0.283719706782399,0.0534632417562106,25.34446875,0.131415972157479,0.0599578125,0.0125822223374256,-0.0599724828093283,0.0273124585395303,0.103663903597638,0.0256031638104418,0.319468251690285,NA,"Above_10S","JJAS"
-6,44,2018,7,1,6,0.166666666666667,0.25829306810758,0.0242969714593776,25.4228125,0.297481485351583,0.0242296875,0.035068104622371,-0.0691585593410557,0.0477658836390248,0.16555953054765,0.0607932585639516,0.430665945474853,NA,"Above_10S","JJAS"
-6,46,2014,6,2,13,0.153846153846154,0.239752751988514,0.061828876458199,26.54975,0.131082550023392,0.002503125,0.0220704497458508,-0.0501252605639895,0.0437028180149213,0.0492671424436587,0.0198297976952274,0.456229760857402,NA,"Above_10S","JJAS"
-6,46,2014,7,6,31,0.193548387096774,0.390812514951297,0.104917693999748,25.593875,0.123203470884936,0.054265625,0.0117888462048357,-0.0530469700224698,0.0371672420433177,0.0879362655063945,0.0457206225156014,0.408899981674979,NA,"Above_10S","JJAS"
-6,46,2014,8,11,31,0.354838709677419,0.253571424872563,0.0221833479094468,25.342421875,0.124141343494754,0.0636578125,0.0179693725737557,-0.0510499470396388,0.0348943082272178,0.204075863277635,0.0290218007162432,0.427812780556519,NA,"Above_10S","JJAS"
-6,46,2016,6,2,8,0.25,0.301078007653511,0.0441191616822727,26.1354375,0.132155016600575,0.0206109375,0.0259876412457891,-0.0518661546568821,0.0331286600557245,0.0916042450117546,0.0360287334478388,0.256973200586314,NA,"Above_10S","JJAS"
-6,46,2016,7,3,9,0.333333333333333,0.221436085405811,0.0339920816480288,25.2483125,0.112732563850828,0.0267484375,0.0114582747834002,-0.0526922937973372,0.0258733069255069,0.133019774289302,0.0211807555186514,0.162367923830103,NA,"Above_10S","JJAS"
-6,46,2017,11,3,7,0.428571428571429,0.100149538355052,0.0167549830713621,28.87303125,0.0933494830840724,-0.0175265625,0.023132408669509,-0.0736090603574614,0.0516375066478467,0.144866572072148,0.0388681701392133,0.508880336196334,NA,"Above_10S","ON"
-6,46,2017,6,1,9,0.111111111111111,0.209861004194762,0.0180320365306907,27.041609375,0.0933854645546049,0.0374578125,0.0209954024044079,-0.0690492209532857,0.0392886181839906,0.154564440318786,0.0400845064657922,0.516903602352573,NA,"Above_10S","JJAS"
-6,46,2018,2,1,15,0.0666666666666667,0.106043269919206,0.0196102814180529,28.896484375,0.380000166758004,0.0952984375,0.00619724701264314,-0.0636938113382352,0.0373890240401513,0.110442284644564,0.0182692007276453,0.793141376070072,NA,"Above_10S","DJFM"
-6,46,2019,12,2,8,0.25,0.0812173702482444,0.00671355418785921,29.427609375,0.0723254586864567,0.21614375,0.0221570360389594,-0.0649094038262963,0.0392430122239607,0.0667695986267721,0.0188606101460262,0.508594954508193,NA,"Above_10S","DJFM"
-6,48,2014,6,1,34,0.0294117647058824,0.203875900724799,0.0557704716203065,26.897234375,0.284238204495527,0.0224359375,0.00783322932428417,-0.0425738209742804,0.0370319095988654,0.096349198652114,0.0254003633338939,0.457586910566143,NA,"Above_10S","JJAS"
-6,48,2014,8,5,14,0.357142857142857,0.288067424501706,0.050864763204652,25.445203125,0.127196782889273,0.0599796875,0.0254775418046704,-0.0547002387364064,0.0334196091718696,0.215906001416118,0.0294098858663176,0.375659596960237,NA,"Above_10S","JJAS"
-6,48,2017,11,2,7,0.285714285714286,0.0984440881325605,0.0102403728379875,28.793109375,0.13981553802285,-0.037453125,0.0101222365423382,-0.062629646829168,0.0442829733283209,0.0677649492604868,0.0315185371785874,0.418631919109504,NA,"Above_10S","ON"
-6,48,2017,3,2,13,0.153846153846154,0.0984305709134787,0.010800908768283,29.158859375,0.194049974514626,0.11704375,0.0246951821983464,-0.0523417903371636,0.035696479856047,0.112958411998788,0.025839067921899,0.650144355603591,NA,"Above_10S","DJFM"
-6,48,2019,9,3,8,0.375,0.208393242255422,0.0118980433172705,26.172484375,0.0717597384989971,0.1803734375,0.0049125444280878,-0.0408368197555343,0.0319037349870239,0.150017004568664,0.0257412317559348,0.41955953818332,NA,"Above_10S","JJAS"
-6,50,2014,6,2,7,0.285714285714286,0.143534743935258,0.0207210865649738,27.709203125,0.268027609315083,-0.0001609375,0.00957336943201013,-0.050459402635619,0.0296963524938357,0.119941873974345,0.0350316409181698,0.434389545112262,NA,"Above_10S","JJAS"
-6,50,2014,7,7,24,0.291666666666667,0.233709996993033,0.0649940312155289,25.974421875,0.196250229375056,-0.0242203125,0.0253783508519424,-0.0488353003464399,0.0332479337703197,0.140960254307044,0.0329711825026807,0.334198470835784,NA,"Above_10S","JJAS"
-6,50,2014,8,2,15,0.133333333333333,0.270416326374592,0.0756440229186173,25.61915625,0.135568903437938,0.0316984375,0.0279533198879478,-0.0541859471583799,0.0307376542922698,0.172714070552818,0.0334007388276993,0.417662170012131,NA,"Above_10S","JJAS"
-6,50,2015,3,1,7,0.142857142857143,0.0789793281195064,0.0118841312411942,29.126109375,0.236225014950771,0.18174375,0.00842177591270449,-0.0390903248915509,0.0190073887826424,0.153989549139236,0.0396812698964068,0.511035282331716,NA,"Above_10S","DJFM"
-6,50,2017,3,1,23,0.0434782608695652,0.0941719561718249,0.00497782271364583,29.17371875,0.140563770620709,0.1678109375,0.0119445560049238,-0.055327393628056,0.0310361524308408,0.165270494184839,0.0343235030128332,0.627640246298485,NA,"Above_10S","DJFM"
-6,50,2018,5,2,11,0.181818181818182,0.115255535893892,0.0129254634014745,28.816125,0.131398038206225,0.072234375,0.0149793531844802,-0.0703894583587925,0.0550246570252571,0.0615870188621716,0.0221579835807256,0.472101715266518,NA,"Above_10S","AM"
-6,50,2018,6,1,9,0.111111111111111,0.160789386272275,0.0135428076371945,27.6059375,0.211937537593674,0.0139359375,0.0109957764934744,-0.0612977816454321,0.0324185144996736,0.111684450375295,0.0260580386523229,0.34097455876224,NA,"Above_10S","JJAS"
-6,50,2018,7,2,19,0.105263157894737,0.272902575302093,0.112031307820105,25.648671875,0.322605024350383,-0.0038640625,0.0240903614209679,-0.056144366296573,0.0371012257515064,0.0858989823328596,0.0181428849963684,0.316239713440402,NA,"Above_10S","JJAS"
-6,52,2014,11,3,16,0.1875,0.130248087157573,0.0586363926352118,29.083875,0.305331175912528,0.0102625,0.00225863422701166,-0.0405895597882569,0.0197315158916536,0.0490291100108505,0.0297922350005892,0.555664264009317,NA,"Above_10S","ON"
-6,52,2014,5,6,16,0.375,0.102148544169419,0.0256516494908374,29.05215625,0.171107894927,0.0179703125,0.00900061161391842,-0.0667273318478177,0.0437935811599775,0.0641754997587091,0.0255791131205313,0.428601907347963,NA,"Above_10S","AM"
-6,52,2014,7,1,15,0.0666666666666667,0.247924159481449,0.0633330837920091,26.253140625,0.197650233572716,-0.027296875,0.0204468181150942,-0.0458822380446859,0.0263921578497845,0.110941759202437,0.0156693352156779,0.381643409717671,NA,"Above_10S","JJAS"
-6,52,2014,8,1,13,0.0769230769230769,0.260057319634749,0.0398339564277123,25.852734375,0.133918625159768,0.0544125,0.0175128207005293,-0.0469980359164217,0.0239380030360225,0.12310501109239,0.030748080237486,0.376489695991092,NA,"Above_10S","JJAS"
-6,52,2015,2,2,7,0.285714285714286,0.0862780747605332,0.0215207236823132,28.48203125,0.206094520521263,0.1090234375,0.00464664897815517,-0.0367763758560643,0.0171543772205623,0.0746787436162567,0.0166249268390484,0.316547944155958,NA,"Above_10S","DJFM"
-6,52,2016,11,5,17,0.294117647058824,0.114235523667756,0.0368047022714473,27.90378125,0.239304114727258,0.0024234375,0.0130143235155524,-0.0423981779165566,0.0247151537448261,0.0405849335029486,0.0174757169591642,0.543445834966325,NA,"Above_10S","ON"
-6,52,2016,6,2,23,0.0869565217391304,0.18231005660103,0.0405546981946695,27.208,0.215608551822621,-0.0330546875,0.00628661792859712,-0.0407546425465991,0.0178076603822296,0.0798806766971029,0.0155180178872703,0.233320397786102,NA,"Above_10S","JJAS"
-6,52,2017,3,1,16,0.0625,0.0920217179583334,0.0260532692347613,29.29725,0.0724450530697967,0.1529828125,0.00811165249810419,-0.0471598983972063,0.0247439536849991,0.241960501255927,0.0629001997683683,0.633627208613617,NA,"Above_10S","DJFM"
-6,52,2018,4,1,7,0.142857142857143,0.104704823367582,0.024185521459816,29.820140625,0.115359874070818,0.1396609375,0.00973605012944242,-0.0470490850987037,0.0241776795996087,0.142683251010301,0.0305498168213167,0.488830034608987,NA,"Above_10S","AM"
-6,52,2018,6,2,19,0.105263157894737,0.195925550968645,0.0505617902086068,27.672921875,0.258374055450159,-0.0018828125,0.00344095569446482,-0.0466943949054678,0.0208667667439533,0.0496033645128084,0.0149450839486379,0.380248675895294,NA,"Above_10S","JJAS"
-6,52,2018,7,3,26,0.115384615384615,0.351199770443297,0.0717670236388688,25.7249375,0.336952536575646,0.0344609375,0.00836564435392452,-0.0486055011052278,0.0283291248963259,0.0804948303514325,0.0146992421510851,0.375525703734642,NA,"Above_10S","JJAS"
-6,52,2018,8,2,16,0.125,0.250207476641258,0.0389352199563654,25.84809375,0.155910710990577,0.1032875,0.0111867197342518,-0.0437010795395701,0.0265280761576717,0.112567298409099,0.0279522305235198,0.470664125190394,NA,"Above_10S","JJAS"
-6,54,2014,11,25,45,0.555555555555556,0.179665875413458,0.0910539924538163,29.3923125,0.114750367430335,0.010065625,0.00759221026750654,-0.036753847809881,0.0230301396658825,0.0696890614116521,0.040433208875845,0.540214876111959,NA,"Above_10S","ON"
-6,54,2015,12,2,23,0.0869565217391304,0.130757651804502,0.0288474968778503,28.97925,0.127668096473406,0.085165625,0.00734021795338358,-0.0559451271880779,0.0306995487698074,0.0965759025866469,0.0182582534277432,0.232734842147578,NA,"Above_10S","DJFM"
-6,54,2018,10,1,15,0.0666666666666667,0.186172231253016,0.0288902055234303,27.999109375,0.144769122945238,0.0279671875,0.0107448039075594,-0.0411047226834201,0.0232008734115912,0.0451118139420289,0.0220587675547485,0.741210275818983,NA,"Above_10S","ON"
-6,54,2018,6,1,12,0.0833333333333333,0.221957169129198,0.0338982314645692,27.28959375,0.137163524091756,-0.0105234375,0.00751265054123789,-0.0442752044185996,0.0213905640835716,0.0653062629081368,0.0128653135288242,0.370248000831747,NA,"Above_10S","JJAS"
-6,54,2018,7,1,27,0.037037037037037,0.340102926857172,0.200464980721087,26.08925,0.137807779631573,0.0108796875,0.00948268563672342,-0.045879111657532,0.0224571250489044,0.0934420901143247,0.0288438272129433,0.368054957179657,NA,"Above_10S","JJAS"
-6,54,2019,4,4,14,0.285714285714286,0.0921106534662822,0.0229588562786846,30.380390625,0.121403775625436,0.173303125,0.00836580281539266,-0.0421029148187488,0.0208442521538532,0.117956886946018,0.0165629773304444,0.298420517305221,NA,"Above_10S","AM"
-6,56,2014,12,9,22,0.409090909090909,0.115726230730717,0.0188582446402951,27.735171875,0.196615857414667,-0.039871875,0.0138599968935382,-0.0434307990561089,0.0325928589405969,0.173982578571598,0.0130031146791694,0.309538544884192,NA,"Above_10S","DJFM"
-6,56,2016,12,2,10,0.2,0.124821865213259,0.0192323818563265,28.522796875,0.248432430191857,-0.0209890625,0.0188994340822934,-0.0394744014235754,0.0193879294322172,0.0944147311281098,0.0306433346601602,0.472438217239207,NA,"Above_10S","DJFM"
-6,56,2016,5,1,13,0.0769230769230769,0.108813823401255,0.0173601615908492,29.949671875,0.456699861660668,0.097103125,0.00984376313302223,-0.0490301168968841,0.0235553038666186,0.150460548317444,0.064543764181764,0.238781169269903,NA,"Above_10S","AM"
-6,56,2017,1,1,6,0.166666666666667,0.150271620669325,0.0147408211005777,28.008765625,0.183149149228423,0.02938125,0.0088337533592861,-0.0438292751858311,0.0263578298461236,0.204713676055802,0.0751682356943368,0.437772692408368,NA,"Above_10S","DJFM"
-6,56,2017,2,2,10,0.2,0.126213263332223,0.00977548338265468,28.883859375,0.16560067356541,0.0382640625,0.0123242098454015,-0.0482271190089573,0.0329909647693194,0.207353631670959,0.0915352815792458,0.351963097153838,NA,"Above_10S","DJFM"
-6,56,2019,8,1,9,0.111111111111111,0.282074803751635,0.0833776299612172,26.52484375,0.520584812136298,0.1215890625,0.0163308561502209,-0.0415455378293751,0.0253887074009087,0.243324293469629,0.029592767026234,0.401320954034936,NA,"Above_10S","JJAS"
-6,58,2014,1,5,21,0.238095238095238,0.130612621025648,0.0127038893382831,28.301171875,0.156538200083294,-0.0370921875,0.00659343840947376,-0.0497452994322825,0.0296124943083394,0.0580385734517419,0.023823936032124,0.323336992083171,NA,"Above_10S","DJFM"
-6,58,2014,12,9,44,0.204545454545455,0.0997077056155023,0.00831138588709411,28.05671875,0.241865269378938,-0.0795390625,0.0119527723713418,-0.0487458665916276,0.033868207825238,0.188685619636291,0.017028064751307,0.275909433869051,NA,"Above_10S","DJFM"
-6,58,2015,11,1,18,0.0555555555555556,0.109838057690973,0.0139658393651819,28.77671875,0.0968063799468439,0.087925,0.0146993359098456,-0.0634487128928304,0.0488488181228841,0.0969142404900624,0.0441356709521539,0.303259711513399,NA,"Above_10S","ON"
-6,58,2016,1,2,30,0.0666666666666667,0.112342302719804,0.00609190745983034,29.13496875,0.0770728306873355,0.1002671875,0.0135190054894805,-0.047517522122014,0.0236137974742976,0.121226816928484,0.0631180258599509,0.372398575851327,NA,"Above_10S","DJFM"
-6,58,2016,11,1,6,0.166666666666667,0.1098513035039,0.00882433159443321,28.738609375,0.191370878777435,0.0084546875,0.00476844554510866,-0.0436130724820991,0.0202959867765713,0.0456599387799363,0.0247693741387498,0.52616317313061,NA,"Above_10S","ON"
-6,58,2016,4,1,19,0.0526315789473684,0.0730430687156816,0.00261454243635266,30.53425,0.125625798583895,0.200996875,0.00986973840135143,-0.0494645068390171,0.0303886292053142,0.0839686382283075,0.0464341381705368,0.304422215159327,NA,"Above_10S","AM"
-6,58,2016,5,1,21,0.0476190476190476,0.0854079881359616,0.00587597956438762,30.452375,0.150761506181226,0.122128125,0.0116727530892476,-0.0463056662068492,0.0262405471005311,0.0581850086317978,0.0259869641658577,0.260093334947102,NA,"Above_10S","AM"
-6,58,2017,1,1,19,0.0526315789473684,0.115251292797944,0.0154044748370667,28.0015,0.173380396541137,-0.0004640625,0.00713302997101935,-0.0388640916560206,0.0215721507402205,0.072362827107219,0.0329917642910418,0.459155452335888,NA,"Above_10S","DJFM"
-6,58,2017,2,1,9,0.111111111111111,0.110416661204201,0.00957524822839524,28.847671875,0.08821061640881,0.0202796875,0.00713413835438617,-0.0431731565741556,0.0279922643741554,0.0591880917270057,0.0302563825232559,0.390413999797717,NA,"Above_10S","DJFM"
-6,58,2018,3,1,7,0.142857142857143,0.115489409922803,0.00653855003972716,29.4503125,0.108645173889703,0.0771203125,0.0165814983879528,-0.0523336858496791,0.034419962215955,0.122737400425051,0.0323271850712245,0.493648478574383,NA,"Above_10S","DJFM"
-6,58,2019,1,1,10,0.1,0.115050323766708,0.0153474495916345,29.226484375,0.10518222919907,0.0494140625,0.0228825286314135,-0.0457298277645823,0.0217864719019016,0.04340296646744,0.0253479532115316,0.426712108967913,NA,"Above_10S","DJFM"
-6,60,2016,1,2,21,0.0952380952380952,0.112707362933886,0.0060566061422301,29.247390625,0.113579091691404,0.1602125,0.0332656050026221,-0.0499353638539391,0.0282743325511206,0.243973176323023,0.0314220403464765,0.369158919629437,NA,"Above_10S","DJFM"
-6,60,2016,4,1,13,0.0769230769230769,0.0707409409515094,0.00303042842354216,30.62546875,0.0653163167222305,0.1842765625,0.0129983361839732,-0.0483785151797285,0.0290104849770032,0.0782344767966199,0.0438072011517033,0.259630307818211,NA,"Above_10S","AM"
-6,62,2015,11,1,6,0.166666666666667,0.0891027918454104,0.00644522246789092,29.01509375,0.170123738230512,0.0852875,0.00745097202564767,-0.0499395946140836,0.026020872903514,0.119077866050662,0.0277298636441382,0.298653182448578,NA,"Above_10S","ON"
-6,62,2015,12,1,7,0.142857142857143,0.105136749001556,0.0053889778385439,29.185234375,0.128969510631851,0.0456328125,0.0350764066442872,-0.0530190738378273,0.0272199637825918,0.254868189389904,0.0359572467418826,0.316848600953383,NA,"Above_10S","DJFM"
-6,64,2014,12,5,13,0.384615384615385,0.0980622642220826,0.00578773678453313,28.27275,0.308829793364956,-0.0559859375,0.0283857826429007,-0.0397414495277068,0.0204301874978153,0.28430722258843,0.0205058271932389,0.38753290869142,NA,"Above_10S","DJFM"
-6,66,2014,12,1,8,0.125,0.0856058975106053,0.0072235124144871,28.56403125,0.308955072952646,-0.000459375,0.0298212064671893,-0.0457081490316218,0.025225473394691,0.246202087247212,0.0248912118894307,0.329650688865539,NA,"Above_10S","DJFM"
-6,66,2015,1,3,15,0.2,0.125987497109842,0.0138894944919813,28.35325,0.14860675709391,-0.0244046875,0.0184194378840475,-0.0478895311477204,0.0334212151912534,0.155276556395207,0.0186178043217005,0.490887624109798,NA,"Above_10S","DJFM"
-6,66,2017,12,2,7,0.285714285714286,0.169849675096985,0.0103756475953535,28.1866875,0.259075638584442,-0.0983296875,0.013256273503605,-0.0397356812597042,0.0183570303667805,0.161874089550754,0.0315450960783527,0.465600779008013,NA,"Above_10S","DJFM"
-6,66,2018,1,2,8,0.25,0.203351822131986,0.027303408083486,28.0628125,0.144346351002092,0.0060796875,0.0152636010613849,-0.0324087689997688,0.0173154898984283,0.14929214557406,0.0201091218633292,0.625879907537432,NA,"Above_10S","DJFM"
-8,40,2016,12,1,10,0.1,0.0760314851456011,0.00265010770919723,29.207171875,0.168204104538891,0.0040921875,0.00736825677058703,-0.0589641044746243,0.0327686236581236,0.191162873509037,0.0452803210125824,0.55324497647036,NA,"Above_10S","DJFM"
-8,40,2016,6,1,6,0.166666666666667,0.129617623868398,0.00976686850513329,27.002171875,0.110896284261896,0.069240625,0.0128633442385719,-0.0758845190046479,0.059636716517733,0.225079772856774,0.0295879465075361,0.316241198764355,NA,"Above_10S","JJAS"
-8,42,2016,6,1,18,0.0555555555555556,0.152742478986814,0.0217685264506212,26.7244375,0.165519180780806,0.068965625,0.0266235080437488,-0.0628106230704983,0.0433610287334626,0.243122520491657,0.0273997920007674,0.284726698634525,NA,"Above_10S","JJAS"
-8,42,2016,7,1,7,0.142857142857143,0.220988366817538,0.0379168896309534,25.523328125,0.142972863968479,0.0601875,0.0122742018781684,-0.0592368841866332,0.030186494177661,0.0727949586524346,0.0299484254207769,0.506122183841636,NA,"Above_10S","JJAS"
-8,44,2016,6,1,17,0.0588235294117647,0.180788083286542,0.0406072190057606,26.280765625,0.176564817199291,0.0712140625,0.018296403213083,-0.0619017005405078,0.0413210273109021,0.179922628913214,0.0410199809456624,0.269704262867432,NA,"Above_10S","JJAS"
-8,50,2016,3,1,7,0.142857142857143,0.0597533404248275,0.00311615350233045,30.33109375,0.067693219924964,0.248975,0.0096410498012323,-0.0548566806783119,0.0328300219993919,0.0897979942087062,0.0617882321859598,0.300565781319634,NA,"Above_10S","DJFM"
-8,50,2017,10,1,6,0.166666666666667,0.127675378455832,0.00503111426109541,27.478703125,0.174014383613439,0.01983125,0.00813403343981324,-0.0499282850715662,0.0351249332564734,0.0456180047157348,0.026794885003569,0.437908113318225,NA,"Above_10S","ON"
-8,50,2018,7,1,7,0.142857142857143,0.202018765622698,0.0145481085065912,25.461609375,0.351017505880439,-0.0132328125,0.0115235859537788,-0.0515623533054946,0.0247373597636737,0.0722858733648098,0.0228855540353284,0.325375596610462,NA,"Above_10S","JJAS"
-8,50,2019,3,1,7,0.142857142857143,0.0824118602322415,0.00551119696208447,30.24125,0.135310577491017,0.2163359375,0.0180352773108309,-0.0520438566894301,0.0278612887033943,0.138823655665491,0.0591332270588556,0.604688945022749,NA,"Above_10S","DJFM"
-8,52,2014,11,6,11,0.545454545454545,0.109267795838403,0.0449238178649269,28.017953125,0.307863886110456,0.074775,0.038492609061753,-0.0383068617726366,0.0237226291203336,0.226175921093292,0.0376957270801669,0.506017879356578,NA,"Above_10S","ON"
-8,52,2014,12,5,11,0.454545454545455,0.0769168798853773,0.0246397905072976,29.123015625,0.160008679545086,0.0611890625,0.0416598894190651,-0.0412841494526594,0.0259866111864087,0.281429651570383,0.0532172065929804,0.280604207475159,NA,"Above_10S","DJFM"
-8,52,2015,12,2,18,0.111111111111111,0.0883854119488711,0.0332441288965234,29.272625,0.164823956110562,0.127475,0.0337592127343699,-0.0504713509749982,0.0321025175236814,0.203318678847917,0.0707634051710567,0.319770318979654,NA,"Above_10S","DJFM"
-8,52,2016,2,1,10,0.1,0.0736553307926645,0.0143603409042752,29.224265625,0.189700619790262,0.2377375,0.01846938694078,-0.0476582808242276,0.0260359701653341,0.135484315223587,0.0597541286369728,0.256096832063923,NA,"Above_10S","DJFM"
-8,52,2016,3,1,10,0.1,0.0666604931450113,0.00986822378068739,30.16446875,0.120431231612149,0.2454359375,0.0221471153819648,-0.0503283832637293,0.0271964390734713,0.185112261254487,0.0484549941613349,0.254174068083196,NA,"Above_10S","DJFM"
-8,52,2017,10,4,7,0.571428571428571,0.146928210021643,0.0268723412542535,27.40278125,0.168683273109648,0.0278609375,0.0102757012997839,-0.0409769523427852,0.024271635716962,0.0550038339946551,0.0400757235102597,0.444878317599308,NA,"Above_10S","ON"
-8,52,2018,11,3,7,0.428571428571429,0.131417382990346,0.0339147619696512,28.6919375,0.142463236694678,0.05595,0.0251375075477718,-0.0490866912595679,0.0282951480929829,0.178801552906632,0.0296474789215205,0.519826893039324,NA,"Above_10S","ON"
-8,52,2018,5,1,7,0.142857142857143,0.149115331732901,0.0343858540736621,28.304984375,0.103226441209036,0.0635734375,0.0189139424695663,-0.0525530657189748,0.0309348234213368,0.0996087574920034,0.0392853031159686,0.304302823062198,NA,"Above_10S","AM"
-8,52,2018,7,2,16,0.125,0.225955685839937,0.042026609509335,25.19203125,0.191514098179709,0.017246875,0.00757483236233386,-0.0491914236864255,0.0228003810287445,0.0503879941485963,0.0179705238918013,0.318164181398598,NA,"Above_10S","JJAS"
-8,52,2019,3,2,15,0.133333333333333,0.0868580012530502,0.0162725223869541,29.898734375,0.154616703977318,0.21535625,0.00573817279141427,-0.0509279332910574,0.022861898594386,0.0564739096756407,0.0337680326101394,0.405432257135349,NA,"Above_10S","DJFM"
-8,54,2014,1,3,13,0.230769230769231,0.111449952460437,0.00930446637824328,28.411421875,0.108312716673777,-0.006259375,0.0127916976888099,-0.0490019939034216,0.0258288686753678,0.072246478859849,0.0413159646131438,0.318841945823936,NA,"Above_10S","DJFM"
-8,54,2014,10,1,9,0.111111111111111,0.119738981324998,0.00799307358986071,27.372890625,0.167311810149422,0.126065625,0.00743097803279013,-0.0334363358348848,0.0192383503049298,0.0546614065947341,0.0310474189969508,0.720449359646888,NA,"Above_10S","ON"
-8,54,2014,11,9,21,0.428571428571429,0.0939924327992938,0.0306600717266797,28.7354375,0.238852606140937,0.086359375,0.0356105108379936,-0.0375981430679311,0.0233773888003581,0.233211326954392,0.0281051107398304,0.458839368381262,NA,"Above_10S","ON"
-8,54,2014,12,2,10,0.2,0.0783521216459728,0.0121885920464944,28.82421875,0.238182234404068,0.0540484375,0.0325011940791021,-0.038030262084834,0.0261182121959361,0.258672362681218,0.0467281843224591,0.278199847416258,NA,"Above_10S","DJFM"
-8,54,2015,12,6,26,0.230769230769231,0.0791676515816814,0.014845049040528,29.340390625,0.104095441125417,0.134378125,0.0272887003113475,-0.049280343899251,0.0317850827330592,0.195859631239144,0.0547812838006622,0.304427162295968,NA,"Above_10S","DJFM"
-8,54,2016,1,1,17,0.0588235294117647,0.0967707955213781,0.00956024756691167,29.099796875,0.109334520854105,0.1156625,0.0123522441891316,-0.0446503693227566,0.0224472660360352,0.0644952841100235,0.0340757636172715,0.297348166413699,NA,"Above_10S","DJFM"
-8,54,2016,11,4,20,0.2,0.104475194135577,0.0094494327160464,27.793890625,0.243060585378795,0.0178578125,0.00992271411743527,-0.039887137835746,0.0243569161183908,0.065253450160735,0.0466226294764355,0.706463919003942,NA,"Above_10S","ON"
-8,54,2016,3,1,12,0.0833333333333333,0.0627924960248897,0.00272146335854682,30.051328125,0.0794996365545251,0.2108296875,0.029749806880459,-0.0425332990959287,0.0218849449433925,0.224267340727827,0.0512552331828521,0.223804745972524,NA,"Above_10S","DJFM"
-8,54,2017,2,3,15,0.2,0.115041586709493,0.017931607526528,28.809125,0.173004220519212,0.03871875,0.0247166345567014,-0.0513229504242805,0.0274344589762669,0.153965682824063,0.0275523699903263,0.398848668583447,NA,"Above_10S","DJFM"
-8,54,2017,6,2,7,0.285714285714286,0.160015280921167,0.0080071610050397,26.96240625,0.162570787390289,-0.023334375,0.00532800980592787,-0.0427876560493807,0.0243854953968692,0.0514081175206918,0.0187134401199049,0.316088936483936,NA,"Above_10S","JJAS"
-8,54,2018,11,3,9,0.333333333333333,0.0998533487177661,0.0157982072962407,28.749734375,0.14326944779896,0.0609609375,0.0316891479957168,-0.0440020017562807,0.0276591202966891,0.179494529889182,0.038185985826089,0.42415961256268,NA,"Above_10S","ON"
-8,54,2018,6,2,15,0.133333333333333,0.166092834293118,0.00912570384853048,27.147703125,0.0778241158379096,0.0310953125,0.0220280660059908,-0.0395557790771623,0.0162803243471938,0.1306615341797,0.0164924528635054,0.310718561290694,NA,"Above_10S","JJAS"
-8,54,2018,7,1,11,0.0909090909090909,0.189359910391633,0.0122147709668199,25.736953125,0.160889139559433,0.019059375,0.0074573010724869,-0.0378730927410145,0.0211171731133216,0.0536204921485871,0.020731059663868,0.375010834662177,NA,"Above_10S","JJAS"
-8,54,2018,8,2,10,0.2,0.190314429081304,0.0168411147277707,25.601265625,0.0885646104726638,0.0467734375,0.018919522479523,-0.0555072009849933,0.0377222069587007,0.139754987307139,0.0486602711808831,0.547243170926721,NA,"Above_10S","JJAS"
-8,54,2018,9,1,9,0.111111111111111,0.176692966028996,0.0151923967528145,26.07121875,0.0908316895875737,0.05284375,0.0146356042819698,-0.0448535786701242,0.0347198959700879,0.108326284675233,0.0341673349763824,0.495274514006451,NA,"Above_10S","JJAS"
-8,56,2014,12,2,7,0.285714285714286,0.0829740607862025,0.0130167180430381,28.867546875,0.327575312057311,0.0301890625,0.0387830150893997,-0.0379514397712004,0.0277363613992809,0.28677965791564,0.0565923012839239,0.273226608680795,NA,"Above_10S","DJFM"
-8,56,2015,12,1,19,0.0526315789473684,0.0833410793420626,0.0104053537205034,29.4603125,0.0966794531773256,0.11341875,0.0282558316778948,-0.0490464558495629,0.0253676436866884,0.217388692839604,0.0333873368332002,0.303458173677082,NA,"Above_10S","DJFM"
-8,56,2015,3,1,13,0.0769230769230769,0.0871157993355559,0.0105753704406716,29.531890625,0.126216130731163,0.1791203125,0.0185032316326953,-0.0467035779157233,0.0373744069489369,0.114717870294755,0.0545228734645369,0.378437338508315,NA,"Above_10S","DJFM"
-8,56,2016,11,1,10,0.1,0.118231256253138,0.0173601962266198,28.525984375,0.251356667616276,0.02234375,0.00891972800140495,-0.0403346282882988,0.0235361836905473,0.064249347917894,0.0315479888162404,0.368218138943754,NA,"Above_10S","ON"
-8,56,2016,2,2,16,0.125,0.0929858444982933,0.0137558587083993,29.18271875,0.10914537687713,0.210828125,0.0181125534713902,-0.0452014722979788,0.0266607016393263,0.183726541401938,0.0230901308563993,0.334414978302887,NA,"Above_10S","DJFM"
-8,56,2016,4,2,8,0.25,0.08181373471032,0.0111794846563805,30.22375,0.155135475868725,0.195890625,0.018266681601923,-0.0494500959746291,0.0270809200624566,0.135164965363174,0.0239402884362242,0.254027701668976,NA,"Above_10S","AM"
-8,56,2017,2,3,14,0.214285714285714,0.130437554452025,0.0227333301078241,28.6360625,0.151605469076706,0.02964375,0.0113026598218127,-0.0411668496175536,0.0279543660727068,0.0819041906433721,0.0307349208151793,0.389300542131495,NA,"Above_10S","DJFM"
-8,56,2018,4,2,10,0.2,0.102246633533569,0.0141705221155744,29.13809375,0.192875872473826,0.1449546875,0.0143077061008761,-0.0510259171921511,0.0276854223397002,0.084417816681651,0.0303904387922282,0.406633379624691,NA,"Above_10S","AM"
-8,58,2015,12,1,12,0.0833333333333333,0.0836854420550582,0.00948652028482388,29.6915,0.107818041898052,0.0940359375,0.0381048943537483,-0.0500158612064056,0.0256675665941747,0.273012792497858,0.0433362578649334,0.352249366411519,NA,"Above_10S","DJFM"
-8,58,2015,2,1,8,0.125,0.0982336824365322,0.0120873504634614,28.707875,0.149551551869804,0.135534375,0.00822785085924051,-0.057779413235294,0.0371920957713754,0.0821303851830871,0.0127736019328653,0.423615007034858,NA,"Above_10S","DJFM"
-8,58,2015,3,3,10,0.3,0.085265988296467,0.0035272514329989,29.665875,0.114875571055803,0.1801015625,0.0194349096166037,-0.0548033470564312,0.0337078526237672,0.0856193528924059,0.032523224975852,0.469377830015382,NA,"Above_10S","DJFM"
-8,58,2016,1,1,14,0.0714285714285714,0.107344108397633,0.00531507782445701,29.158078125,0.0888125017453616,0.149234375,0.0194533974569752,-0.0494541435588752,0.0273122057591204,0.134569357565468,0.042257643674626,0.455926472958725,NA,"Above_10S","DJFM"
-8,58,2016,2,1,40,0.025,0.0928948328073602,0.00364928610596963,29.22246875,0.0738821388192567,0.2211765625,0.0281488602052228,-0.0514935189444957,0.0284715305119124,0.235683150828389,0.0471840292119667,0.457177652244124,NA,"Above_10S","DJFM"
-8,58,2016,3,2,7,0.285714285714286,0.0725274139549583,0.00271776444303926,30.173046875,0.0979579484912739,0.189521875,0.0243596691714575,-0.0434894894651588,0.0249460462563862,0.174184770035031,0.0932289055950138,0.30045549286693,NA,"Above_10S","DJFM"
-8,58,2016,5,1,6,0.166666666666667,0.0838020703393138,0.0057783751059482,29.956703125,0.162674636776594,0.120503125,0.0187372133649201,-0.044497859398516,0.0183271474230876,0.100450372903213,0.0262470694813932,0.242713081624566,NA,"Above_10S","AM"
-8,58,2017,12,1,8,0.125,0.10407922752913,0.0336696045413439,28.3288125,0.352297217367778,-0.0440859375,0.0412064136909034,-0.0477262783568232,0.0343601996335048,0.314323872762289,0.0867701024464595,0.29739500817761,NA,"Above_10S","DJFM"
-8,58,2017,2,1,22,0.0454545454545455,0.0905565072316676,0.00749618662339105,28.719515625,0.105456527143006,0.0412515625,0.00861943157606373,-0.0374677540623716,0.019026664863029,0.0332745611131156,0.0174903280731436,0.384681824725934,NA,"Above_10S","DJFM"
-8,58,2018,3,3,10,0.3,0.0977232241065293,0.00753283067272739,29.436203125,0.101561956958255,0.1023671875,0.0149925384053969,-0.0450406475402174,0.0245548490439893,0.114699919782711,0.0256138658250518,0.509979634847839,NA,"Above_10S","DJFM"
-8,58,2018,4,3,14,0.214285714285714,0.0838931020730848,0.00485507716336319,29.1306875,0.248164875749078,0.1221015625,0.0225131248646347,-0.0471968680231522,0.0256120072816731,0.151549040556685,0.0192707738274638,0.436166639035326,NA,"Above_10S","AM"
-8,58,2018,9,2,6,0.333333333333333,0.150265522999689,0.0115814714190592,27.141375,0.245565786614413,0.111834375,0.0241725885601524,-0.0570565682391822,0.043887229244524,0.116749207979952,0.0365387022270314,0.495670375224479,NA,"Above_10S","JJAS"
-8,58,2019,2,2,6,0.333333333333333,0.10525484452632,0.0169643221431509,29.1920625,0.190446082441883,0.1960671875,0.0227857380532418,-0.0543970526202981,0.0352798045947632,0.144828821732365,0.0430667981199818,0.583184546961944,NA,"Above_10S","DJFM"
-8,60,2015,12,2,13,0.153846153846154,0.0895507043169346,0.0118816661432822,29.58253125,0.146760031835798,0.105446875,0.0474480433261077,-0.054687739905018,0.0328760888900238,0.307068009842268,0.0379971154328218,0.364330656730527,NA,"Above_10S","DJFM"
-8,60,2016,1,1,11,0.0909090909090909,0.110424741860091,0.00725879741310291,29.1650625,0.12789552718143,0.2251296875,0.0239822002756112,-0.0505626826300977,0.0297843313131816,0.163338918618691,0.04630993765724,0.4229888414203,NA,"Above_10S","DJFM"
-8,60,2016,2,1,20,0.05,0.088097885348058,0.00509151251686004,29.22609375,0.15526686895548,0.2370375,0.0491321783801711,-0.0563407763744993,0.0298864369028677,0.307895963984469,0.033223825638297,0.429727337730806,NA,"Above_10S","DJFM"
-8,60,2016,5,3,8,0.375,0.07666980412129,0.00496547830106407,30.15340625,0.177881244382803,0.1325046875,0.010368763066048,-0.0432402421498251,0.0235112583712614,0.0349410768159125,0.0178226508549984,0.231695147227049,NA,"Above_10S","AM"
-8,60,2018,3,1,8,0.125,0.0866457939975792,0.00257186951738255,29.460046875,0.128345321603013,0.0954390625,0.0225322669315672,-0.0462910014568317,0.0260334357925393,0.161015465441462,0.0129076529992763,0.437398109224535,NA,"Above_10S","DJFM"
-8,60,2018,4,2,8,0.25,0.0824704615030593,0.00329891626160371,29.61528125,0.150503859440046,0.0838234375,0.0166833225554173,-0.0465703710466872,0.0251478595967005,0.124706835958029,0.0228254675995087,0.488055267356146,NA,"Above_10S","AM"
-8,64,2015,12,1,8,0.125,0.0658405054483511,0.0104221973840301,29.235265625,0.119614492165921,0.1482046875,0.00975907277809195,-0.0453632177730722,0.0333860172388533,0.0858148047401925,0.0388851451609326,0.28377242939293,NA,"Above_10S","DJFM"
-8,64,2019,2,1,8,0.125,0.0716368692471103,0.0073517808993071,29.597828125,0.174537534480295,0.1940046875,0.0255827845741518,-0.0452331463272018,0.0267058683963149,0.167262002757871,0.0359836902514931,0.299662713208125,NA,"Above_10S","DJFM"
-8,66,2015,12,1,6,0.166666666666667,0.0731558292447719,0.00773726973232695,29.349578125,0.112614499713114,0.16593125,0.0122905935770487,-0.0364985333519838,0.0206768428357464,0.117914138452529,0.0142184660793141,0.2742241261098,NA,"Above_10S","DJFM"
0,50,2014,11,1,6,0.166666666666667,0.122416058768673,0.00560227664322801,28.7194375,0.203116267822074,0.020590625,0.0113785612775092,-0.0595567657757799,0.0409378970758413,0.176220608439264,0.0850845534936912,0.530894186001064,NA,"Above_10S","ON"
0,50,2017,5,1,6,0.166666666666667,0.0869237662894496,0.00430292614934598,30.333234375,0.092951556283239,0.1123875,0.00779864660623168,-0.0421685979980615,0.0357693307807945,0.111048108800181,0.0674433709594789,0.299293172185219,NA,"Above_10S","AM"
0,50,2017,8,1,13,0.0769230769230769,0.298958114749338,0.027769005664495,26.806734375,0.148950640827013,0.107465625,0.00208921787978333,-0.0767710096690924,0.061752400313296,0.104125897780191,0.0458607336857035,0.774991354022148,NA,"Above_10S","JJAS"
0,52,2017,4,2,7,0.285714285714286,0.117279928963399,0.00448469276864925,30.253203125,0.206372615668881,0.087725,0.00924286082284464,-0.029501586270829,0.0220833222859027,0.152534511850415,0.119632920858764,0.336891456939177,NA,"Above_10S","AM"
0,52,2017,8,1,16,0.0625,0.263965956523963,0.0250645682905648,27.44071875,0.321636562556274,0.10816875,0.00313297237029245,-0.0638563211580678,0.0476796713215389,0.105290825895118,0.0617863557739184,0.611022232325688,NA,"Above_10S","JJAS"
0,52,2019,10,1,7,0.142857142857143,0.119727530445541,0.00749956762213008,29.311640625,0.14423826927488,0.15968125,0.00199347148748824,-0.0590784929873001,0.0507026453422939,0.190262351214532,0.0645965763332242,0.317039512490894,NA,"Above_10S","ON"
0,54,2016,7,2,12,0.166666666666667,0.249189567305924,0.0361468165905265,27.02475,0.32857131815043,0.0729875,0.0122740854894845,-0.0344378538915707,0.0236034695864791,0.0693472810500195,0.026535718695737,0.385648990770148,NA,"Above_10S","JJAS"
0,54,2017,4,1,6,0.166666666666667,0.115563040356695,0.00261836392590161,30.18965625,0.172716780625172,0.094646875,0.00730739935390562,-0.019803841218253,0.0173698686472043,0.242500081172628,0.110473833747527,0.312051778302218,NA,"Above_10S","AM"
0,54,2017,7,1,6,0.166666666666667,0.262422902341415,0.0713320780653484,27.784203125,0.553075418367855,0.07525,0.00701359224580929,-0.0373392626356694,0.0447694256827242,0.294259307744679,0.150016159317939,0.424392205705586,NA,"Above_10S","JJAS"
0,54,2018,7,1,6,0.166666666666667,0.299052431849608,0.0178546446357104,26.007953125,0.276007501030316,0.045915625,0.0146263755966828,-0.0256227778009109,0.0193193245882738,0.181789390859694,0.0739703406601794,0.473613514905415,NA,"Above_10S","JJAS"
0,56,2016,7,1,7,0.142857142857143,0.183784900711746,0.013397053452609,27.98684375,0.268559663126707,0.1062921875,0.0135481657481332,-0.0293837214172367,0.0192202095341313,0.114959183294735,0.055112974198787,0.310708559292626,NA,"Above_10S","JJAS"
0,56,2017,4,4,11,0.363636363636364,0.11303535330161,0.00369455062249519,30.23353125,0.0762237659788595,0.0927421875,0.0070224764927531,-0.0216095945429554,0.0191057961187617,0.311517181142825,0.0947758370000688,0.247192595430857,NA,"Above_10S","AM"
0,60,2017,6,1,10,0.1,0.0986048671216445,0.00387324911330672,29.912703125,0.0574527216776945,0.085528125,0.00704798673831698,-0.0289146566451838,0.0183225494168665,0.0850128171720503,0.058943413630225,0.198401355876208,NA,"Above_10S","JJAS"
2,52,2014,10,2,7,0.285714285714286,0.174199813608235,0.0377165296990302,27.90409375,0.147183366765341,0.0132125,0.0270747202421461,-0.112664779816616,0.0870538449679375,0.21494617189661,0.120799464150995,0.524402028742483,NA,"Above_10S","ON"
2,54,2017,8,3,16,0.1875,0.243046400014363,0.0354815539761056,26.964421875,0.556959597995764,0.1106984375,0.00849318105917731,-0.0867433780721118,0.0630855339559726,0.138691051894395,0.0217411525385124,0.660248599696978,NA,"Above_10S","JJAS"
2,54,2018,9,1,6,0.166666666666667,0.170778940968578,0.0178482816979598,28.265578125,0.425232515469245,0.0891234375,0.00806805856129049,-0.0536622747937342,0.0470027855203603,0.161827939191911,0.0849374146998701,0.690405580715311,NA,"Above_10S","JJAS"
2,56,2015,9,4,9,0.444444444444444,0.187689151184814,0.0782070513306189,29.075578125,0.2637877215747,0.114353125,0.0130073357660268,-0.0778931597830852,0.0658196439107739,0.332552561603131,0.0996519977544498,0.56823692764673,NA,"Above_10S","JJAS"
2,56,2017,8,2,15,0.133333333333333,0.182042692483972,0.0286597433419645,28.1895625,0.357432727603258,0.1192203125,0.00690220070006431,-0.0574452843186115,0.0464186772025454,0.0829099155523938,0.0251037649102254,0.600054981499096,NA,"Above_10S","JJAS"
2,56,2017,9,1,6,0.166666666666667,0.184727163713736,0.0243816760690208,28.5244375,0.369762423726371,0.0614,0.00568671523453832,-0.0632269796410948,0.0326386175109094,0.13000529699665,0.0329359301511411,0.901841992900396,NA,"Above_10S","JJAS"
2,58,2017,6,2,6,0.333333333333333,0.101230194216542,0.00309031127381242,29.869953125,0.129502641964532,0.096828125,0.00333735323082553,-0.0338032540014635,0.0167679634656903,0.0913835646484493,0.0418727898117757,0.265058137140996,NA,"Above_10S","JJAS"
4,56,2014,9,2,16,0.125,0.269546343252942,0.0244119294535035,27.205984375,0.483386154492616,0.0986609375,0.00761051105197425,-0.086806996689414,0.0764431971289166,0.169350364149487,0.0703569207114589,0.753774214906756,NA,"Above_10S","JJAS"
4,58,2018,9,1,10,0.1,0.183428059817137,0.0296931532034781,28.7815625,0.286445921376123,0.0813625,0.0207530873587675,-0.061987751906688,0.0537291680104475,0.163497853132,0.0439133217951866,0.826208839220581,NA,"Above_10S","JJAS"
4,58,2019,11,1,20,0.05,0.118497359986779,0.0122710917750511,29.291046875,0.249982248873763,0.1099890625,0.0311873708525493,-0.0733249513041973,0.0516903551418656,0.265302683944086,0.0512386413416841,0.369621084201046,NA,"Above_10S","ON"
4,60,2018,9,1,13,0.0769230769230769,0.126539592049085,0.0158988355317536,29.509,0.271134652894092,0.0649234375,0.00614751833237001,-0.0592800235588849,0.046620040168558,0.0417597765399105,0.0225458080619765,0.795562158476699,NA,"Above_10S","JJAS"
4,60,2019,11,1,20,0.05,0.118381494122635,0.00545701275791495,29.23496875,0.130694842534353,0.077509375,0.0135864278537589,-0.0607225468508899,0.038579530603004,0.204866616595656,0.0617642525030613,0.351653690800864,NA,"Above_10S","ON"
4,64,2019,1,1,6,0.166666666666667,0.152310638759647,0.00899752728905474,28.770953125,0.0563217597825209,0.0915359375,0.0144264238073421,-0.0569405885874023,0.0332805321922987,0.199213597015179,0.111964941856711,0.406044367765908,NA,"Above_10S","DJFM"
6,60,2019,11,2,10,0.2,0.126844536710349,0.00442868763793002,29.074984375,0.07413854302256,0.0461015625,0.0119032807560746,-0.0642550969932228,0.0350419199539805,0.0944928747748881,0.0259276109103753,0.370182039557646,NA,"Above_10S","ON"
